{"cameraMode":{"drawMode":0,"name":"Shaded","section":"Shading Mode"},"sceneLighting":true,"audioPlay":false,"sceneViewState":{"showFog":true,"showMaterialUpdate":true,"showSkybox":false,"showFlares":true,"showImageEffects":true,"showParticleSystems":true},"in2DMode":false,"pivot":{"x":-5.400001525878906,"y":21.159748077392579,"z":0.0},"rotation":{"x":0.3656992018222809,"y":-0.015850193798542024,"z":0.006562053691595793,"w":0.9307104349136353},"size":435.1427917480469,"orthographic":false}