{"cameraMode":{"drawMode":0,"name":"Shaded","section":"Shading Mode"},"sceneLighting":true,"audioPlay":false,"sceneViewState":{"showFog":true,"showMaterialUpdate":true,"showSkybox":true,"showFlares":true,"showImageEffects":true,"showParticleSystems":true},"in2DMode":false,"pivot":{"x":12.442490577697754,"y":-2.0541908740997316,"z":-5.452879905700684},"rotation":{"x":-0.113172747194767,"y":0.30958157777786257,"z":-0.03715849667787552,"w":-0.943398654460907},"size":8.476957321166993,"orthographic":false}