{"cameraMode":{"drawMode":0,"name":"Shaded","section":"Shading Mode"},"sceneLighting":true,"audioPlay":false,"sceneViewState":{"showFog":true,"showMaterialUpdate":true,"showSkybox":true,"showFlares":true,"showImageEffects":true,"showParticleSystems":true},"in2DMode":false,"pivot":{"x":21.0238037109375,"y":33.45490264892578,"z":-45.93567657470703},"rotation":{"x":0.18139664828777314,"y":-0.013873660005629063,"z":0.0028000823222100736,"w":0.9834691286087036},"size":5.675575256347656,"orthographic":false}