{"cameraMode":{"drawMode":0,"name":"Shaded","section":"Shading Mode"},"sceneLighting":true,"audioPlay":false,"sceneViewState":{"showFog":true,"showMaterialUpdate":true,"showSkybox":true,"showFlares":true,"showImageEffects":true,"showParticleSystems":true},"in2DMode":false,"pivot":{"x":-17.5006160736084,"y":4.667391777038574,"z":-4.0441670417785648},"rotation":{"x":-0.15958313643932343,"y":0.1757717728614807,"z":-0.02892025001347065,"w":-0.9710034728050232},"size":8.476957321166993,"orthographic":false}