{"cameraMode":{"drawMode":0,"name":"Shaded","section":"Shading Mode"},"sceneLighting":true,"audioPlay":false,"sceneViewState":{"showFog":true,"showMaterialUpdate":true,"showSkybox":true,"showFlares":true,"showImageEffects":true,"showParticleSystems":true},"in2DMode":false,"pivot":{"x":20.46759605407715,"y":36.4571418762207,"z":-36.040409088134769},"rotation":{"x":-0.14404603838920594,"y":-0.07109186798334122,"z":0.010325510986149311,"w":-0.9871391654014587},"size":22.0,"orthographic":false}