{"cameraMode":{"drawMode":0,"name":"Shaded","section":"Shading Mode"},"sceneLighting":true,"audioPlay":false,"sceneViewState":{"showFog":true,"showMaterialUpdate":true,"showSkybox":true,"showFlares":true,"showImageEffects":true,"showParticleSystems":true},"in2DMode":false,"pivot":{"x":6.985352516174316,"y":22.74077033996582,"z":-65.60903930664063},"rotation":{"x":0.0005980271380394697,"y":-0.01976766809821129,"z":-0.00021871704666409642,"w":-0.9999018311500549},"size":5.239049434661865,"orthographic":false}