{"cameraMode":{"drawMode":0,"name":"Shaded","section":"Shading Mode"},"sceneLighting":true,"audioPlay":false,"sceneViewState":{"showFog":true,"showMaterialUpdate":true,"showSkybox":true,"showFlares":true,"showImageEffects":true,"showParticleSystems":true},"in2DMode":false,"pivot":{"x":-7.227570056915283,"y":3.9114418029785158,"z":-9.38309097290039},"rotation":{"x":0.007687572855502367,"y":-0.633287787437439,"z":0.006240102928131819,"w":0.77387535572052},"size":0.6720978021621704,"orthographic":false}