{"cameraMode":{"drawMode":0,"name":"Shaded","section":"Shading Mode"},"sceneLighting":false,"audioPlay":false,"sceneViewState":{"showFog":true,"showMaterialUpdate":true,"showSkybox":false,"showFlares":true,"showImageEffects":true,"showParticleSystems":true},"in2DMode":false,"pivot":{"x":5.829999923706055,"y":-10.399999618530274,"z":11.970000267028809},"rotation":{"x":-0.1458013951778412,"y":-0.30562227964401247,"z":0.04735057055950165,"w":-0.9397738575935364},"size":2.8578836917877199,"orthographic":false}