{"cameraMode":{"drawMode":0,"name":"Shaded","section":"Shading Mode"},"sceneLighting":true,"audioPlay":false,"sceneViewState":{"showFog":true,"showMaterialUpdate":false,"showSkybox":true,"showFlares":true,"showImageEffects":true,"showParticleSystems":true},"in2DMode":false,"pivot":{"x":-17.70580291748047,"y":5.321563243865967,"z":-28.229507446289064},"rotation":{"x":-0.11105554550886154,"y":-0.27441394329071047,"z":0.031919900327920917,"w":-0.9546507596969605},"size":22.0,"orthographic":false}