{"cameraMode":{"drawMode":0,"name":"Shaded","section":"Shading Mode"},"sceneLighting":true,"audioPlay":false,"sceneViewState":{"showFog":true,"showMaterialUpdate":true,"showSkybox":true,"showFlares":true,"showImageEffects":true,"showParticleSystems":true},"in2DMode":false,"pivot":{"x":42.87921905517578,"y":11.411382675170899,"z":4.406567096710205},"rotation":{"x":0.007687572855502367,"y":-0.633287787437439,"z":0.006240102928131819,"w":0.77387535572052},"size":5.4440436363220219,"orthographic":false}