{"cameraMode":{"drawMode":0,"name":"Shaded","section":"Shading Mode"},"sceneLighting":true,"audioPlay":false,"sceneViewState":{"showFog":true,"showMaterialUpdate":true,"showSkybox":false,"showFlares":true,"showImageEffects":true,"showParticleSystems":true},"in2DMode":false,"pivot":{"x":20.195655822753908,"y":40.18492126464844,"z":-55.47956085205078},"rotation":{"x":0.2836180329322815,"y":-0.09099747240543366,"z":0.027361983433365823,"w":0.9543646574020386},"size":1.0656864643096924,"orthographic":false}