{"cameraMode":{"drawMode":0,"name":"Shaded","section":"Shading Mode"},"sceneLighting":true,"audioPlay":false,"sceneViewState":{"showFog":true,"showMaterialUpdate":true,"showSkybox":true,"showFlares":true,"showImageEffects":true,"showParticleSystems":true},"in2DMode":false,"pivot":{"x":41.455909729003909,"y":21.534027099609376,"z":-1.8623082637786866},"rotation":{"x":0.2993335425853729,"y":-0.09026532620191574,"z":0.028601981699466707,"w":0.9495222568511963},"size":16.63859748840332,"orthographic":false}