{"cameraMode":{"drawMode":0,"name":"Shaded","section":"Shading Mode"},"sceneLighting":true,"audioPlay":false,"sceneViewState":{"showFog":true,"showMaterialUpdate":true,"showSkybox":false,"showFlares":true,"showImageEffects":true,"showParticleSystems":true},"in2DMode":false,"pivot":{"x":16.076475143432618,"y":41.35303497314453,"z":-57.7139778137207},"rotation":{"x":0.2729807198047638,"y":0.11314722150564194,"z":-0.03202582523226738,"w":0.954951822757721},"size":1.0656864643096924,"orthographic":false}