{"cameraMode":{"drawMode":0,"name":"Shaded","section":"Shading Mode"},"sceneLighting":true,"audioPlay":false,"sceneViewState":{"showFog":true,"showMaterialUpdate":true,"showSkybox":true,"showFlares":true,"showImageEffects":true,"showParticleSystems":true},"in2DMode":false,"pivot":{"x":19.368772506713868,"y":35.15325164794922,"z":-47.96539306640625},"rotation":{"x":-0.2987375855445862,"y":0.057248976081609729,"z":-0.018106551840901376,"w":-0.9526042938232422},"size":5.537199974060059,"orthographic":false}