{"cameraMode":{"drawMode":0,"name":"Shaded","section":"Shading Mode"},"sceneLighting":false,"audioPlay":false,"sceneViewState":{"showFog":true,"showMaterialUpdate":true,"showSkybox":false,"showFlares":true,"showImageEffects":true,"showParticleSystems":true},"in2DMode":false,"pivot":{"x":4.009222984313965,"y":5.22309684753418,"z":0.03898489475250244},"rotation":{"x":0.14729595184326173,"y":0.03233491629362106,"z":-0.0046967267990112309,"w":0.9886292815208435},"size":16.63859748840332,"orthographic":false}