{"cameraMode":{"drawMode":0,"name":"Shaded","section":"Shading Mode"},"sceneLighting":true,"audioPlay":false,"sceneViewState":{"showFog":true,"showMaterialUpdate":true,"showSkybox":true,"showFlares":true,"showImageEffects":true,"showParticleSystems":true},"in2DMode":false,"pivot":{"x":36.03647232055664,"y":22.30211639404297,"z":-14.414267539978028},"rotation":{"x":-0.18079203367233277,"y":-0.0804758295416832,"z":0.014781460165977478,"w":-0.980150580406189},"size":0.00005614334440906532,"orthographic":false}