{"cameraMode":{"drawMode":0,"name":"Shaded","section":"Shading Mode"},"sceneLighting":true,"audioPlay":false,"sceneViewState":{"showFog":true,"showMaterialUpdate":true,"showSkybox":true,"showFlares":true,"showImageEffects":true,"showParticleSystems":true},"in2DMode":false,"pivot":{"x":12.20732593536377,"y":1.770942211151123,"z":-12.206775665283204},"rotation":{"x":0.14287997782230378,"y":0.24463900923728944,"z":-0.03613831475377083,"w":0.9584877490997315},"size":17.18024253845215,"orthographic":false}