{"cameraMode":{"drawMode":0,"name":"Shaded","section":"Shading Mode"},"sceneLighting":true,"audioPlay":false,"sceneViewState":{"showFog":true,"showMaterialUpdate":true,"showSkybox":false,"showFlares":true,"showImageEffects":true,"showParticleSystems":true},"in2DMode":false,"pivot":{"x":43.048728942871097,"y":49.139320373535159,"z":-52.995609283447269},"rotation":{"x":0.09704408049583435,"y":0.3967753052711487,"z":-0.041927218437194827,"w":0.9119616150856018},"size":34.237953186035159,"orthographic":false}